brand,name,yop,price
Audemars Piguet,"Audemars Piguet Royal Oak Offshore Chronograph
'25th Anniversary'",2019,"$43,500"
Audemars Piguet,"Audemars Piguet Royal Oak Selfwinding
39mm Blue Dial",2012,"$71,500"
Audemars Piguet,"Audemars Piguet Royal Oak Chronograph
Blue Dial - BV Limited Edition 10 Dlc - Pvd",Unknown,"$79,191"
Audemars Piguet,"Audemars Piguet Royal Oak Chronograph
Selfwinding Chronograph Blue Dial",2022 (Approximation),"$108,000"
Audemars Piguet,"Audemars Piguet Royal Oak Offshore Chronograph
Cronografo 42mm Panda Dial 26170STOO1000ST01",Unknown,"$27,500"
Audemars Piguet,"Audemars Piguet Royal Oak Offshore Diver
2018 Unworn Royal Oak Offshore Diver (Limit 200pics)",2018 (Approximation),"$41,000"
Audemars Piguet,"Audemars Piguet Royal Oak Offshore Diver Chronograph
26703ST.OO.A051CA.01",2016 (Approximation),"$43,500"
Audemars Piguet,"Audemars Piguet Royal Oak Offshore Chronograph
26470IO.OO.A006CA.01",2019,"$37,800"
Audemars Piguet,"Audemars Piguet Royal Oak Dual Time
26120ST.OO.1220ST.03",2015,"$32,182"
Audemars Piguet,"Audemars Piguet Royal Oak Offshore Chronograph
26401.RO.OO.A002.CA.01",2016,"$36,473"
Audemars Piguet,"Audemars Piguet Royal Oak Offshore Chronograph
2021FullSet Royal Oak Offshore Chronograph",Unknown,"$35,000"
Audemars Piguet,"Audemars Piguet Royal Oak Double Balance Wheel Openworked
41mm",Unknown,"$304,818"
Audemars Piguet,"Audemars Piguet Royal Oak Tourbillon
SELFWINDING FLYING TOURBILLON ""50TH ANNIVERSARY""",Unknown,"$412,810"
Audemars Piguet,"Audemars Piguet Royal Oak Selfwinding
15551OR.ZZ.1356OR.04",Unknown,"$88,834"
Audemars Piguet,"Audemars Piguet Royal Oak Chronograph
26331ST.OO.1220ST.02",Unknown,"$45,484"
Audemars Piguet,"Audemars Piguet Royal Oak Chronograph
“50th Anniversary” Royal Oak",2022,"$98,692"
Audemars Piguet,"Audemars Piguet Royal Oak Selfwinding
18K rose gold selfwinding",Unknown,"$34,322"
Audemars Piguet,"Audemars Piguet Royal Oak Chronograph
26320OR.OO.1220OR.01",Unknown,"$51,206"
Audemars Piguet,"Audemars Piguet Royal Oak Double Balance Wheel Openworked
15407OR.OO.1220OR.01",2021,Price on request
Audemars Piguet,"Audemars Piguet Royal Oak Offshore Chronograph
26401PO.00.A018CR.01",2014,"$54,954"
Audemars Piguet,"Audemars Piguet Royal Oak
15500ST.OO.1220ST.01",2021,"$77,156"
Audemars Piguet,"Audemars Piguet Royal Oak Lady
15451ST.ZZ.D011CR.01",2019,"$35,166"
Audemars Piguet,"Audemars Piguet Royal Oak Offshore Lady
Quartz",2018,"$39,103"
Audemars Piguet,"Audemars Piguet Royal Oak Offshore Chronograph
26470ST.OO.A028CR.01",2017,"$27,136"
Audemars Piguet,"Audemars Piguet Royal Oak Chronograph
26557OR.ZZ.D098CR.01",Unknown,"$56,161"
Audemars Piguet,"Audemars Piguet Royal Oak Offshore Lady
26231ST.ZZ.D069CA.01",2019,"$46,976"
Audemars Piguet,"Audemars Piguet Royal Oak Selfwinding
with Diamonds 77451ST.ZZ.1361ST.03",2022 (Approximation),Price on request
Audemars Piguet,"Audemars Piguet Royal Oak Jumbo
""Jumbo"" Extra-Thin 50th Anniversary 16202PT.OO.1240PT.01",2022,Price on request
Audemars Piguet,"Audemars Piguet Royal Oak Offshore Chronograph
Blue Dial & Orange 26470ST",Unknown,Price on request
Audemars Piguet,"Audemars Piguet Royal Oak Offshore Chronograph
Platinum Chronograph Blue 26401PO",Unknown,Price on request
Audemars Piguet,"Audemars Piguet Royal Oak Double Balance Wheel Openworked
White Gold Diamonds | 15412BC.ZZ.1220BC.01",2020,Price on request
Audemars Piguet,"Audemars Piguet Royal Oak Perpetual Calendar
Burgundy Qatar edition 26574BC.OO.1220BC.01",2023,Price on request
Audemars Piguet,"Audemars Piguet Royal Oak Perpetual Calendar
UAE edition | 26613st.oo.1220st.01",2020,Price on request
Audemars Piguet,"Audemars Piguet Royal Oak Perpetual Calendar
Openworked Ceramic 26585CE.OO.1225CE.01",Unknown,Price on request
Audemars Piguet,"Audemars Piguet Royal Oak Double Balance Wheel Openworked
Frosted Gold ""Rainbow"" Gem-set Openworked 15412OR.YG.1224OR.01-B",Unknown,Price on request
Audemars Piguet,"Audemars Piguet Royal Oak Perpetual Calendar
in White Ceramic 26579CB",2022 (Approximation),Price on request
Audemars Piguet,"Audemars Piguet Royal Oak Double Balance Wheel Openworked
Frosted Gold Openworked 15466BC.GG.1259BC.01",Unknown,Price on request
Audemars Piguet,"Audemars Piguet Royal Oak Offshore Chronograph
26238TI.OO.A056CA.01",2022,Price on request
Audemars Piguet,"Audemars Piguet Royal Oak
50th Anniversary Ice Blue Dial with Diamonds 15551ST.ZZ.1356ST.01",2022,Price on request
Audemars Piguet,"Audemars Piguet Royal Oak Jumbo
""Jumbo"" Extra-Thin Gold & Salmon Dial - 15202BC",2021,Price on request
Audemars Piguet,"Audemars Piguet Royal Oak Offshore Chronograph
Schumacher Rose Gold",Unknown,Price on request
Audemars Piguet,"Audemars Piguet Royal Oak Offshore
Selfwinding - Music Edition 15600TI.OO.A343CA.01",2022,Price on request
Audemars Piguet,"Audemars Piguet Royal Oak Chronograph
50th Anniversary 26240ST.OO.1320ST.02",2022 (Approximation),Price on request
Audemars Piguet,"Audemars Piguet Royal Oak Tourbillon
Selfwinding Flying Tourbillon 26534TI.OO.1220TI.01",2021 (Approximation),Price on request
Audemars Piguet,"Audemars Piguet Royal Oak Chronograph
26240OR.OO.1320OR.08",2022 (Approximation),Price on request
Audemars Piguet,"Audemars Piguet Royal Oak Jumbo
Ultra Thin Stahl / deutsche Uhr / Full Set Ref. 15202",2005,"$80,224"
Audemars Piguet,"Audemars Piguet Royal Oak Selfwinding
15400ST.OO.1220ST.02",Unknown,Price on request
Audemars Piguet,"Audemars Piguet Royal Oak
50th Anniversary Grey Dial with Diamonds 15551ST.ZZ.1356ST.03",2022,Price on request
Audemars Piguet,"Audemars Piguet Royal Oak Jumbo
Steel Blue dial turned GREY 15202ST.OO.0944ST.02",2003 (Approximation),Price on request
Audemars Piguet,"Audemars Piguet Royal Oak
""50th Anniversary"" 15510OR",2022,Price on request
Audemars Piguet,"Audemars Piguet Royal Oak Chronograph
Selfwinding Chronograph 38mm",2023,Price on request
Audemars Piguet,"Audemars Piguet Royal Oak Selfwinding
37mm",2023,Price on request
Audemars Piguet,"Audemars Piguet Royal Oak Selfwinding
37mm",2023,Price on request
Audemars Piguet,"Audemars Piguet Royal Oak Selfwinding
37mm",2023,Price on request
Audemars Piguet,"Audemars Piguet Royal Oak Selfwinding
34mm",2023,Price on request
Audemars Piguet,"Audemars Piguet Royal Oak Chronograph
Selfwinding Chronograph ""50th Anniversary"" 41mm",2022,Price on request
Audemars Piguet,"Audemars Piguet Royal Oak Selfwinding
""50th Anniversary"" 37mm",2022,Price on request
Audemars Piguet,"Audemars Piguet Royal Oak Selfwinding
""50th Anniversary"" 41mm",2022,Price on request
Audemars Piguet,"Audemars Piguet Royal Oak Selfwinding
""50th Anniversary"" 41mm",2022,Price on request
Audemars Piguet,"Audemars Piguet Royal Oak Selfwinding
41mm",2022,Price on request
Audemars Piguet,"Audemars Piguet Royal Oak Selfwinding
34mm",2022,Price on request
Audemars Piguet,"Audemars Piguet Royal Oak Jumbo
""Jumbo"" Extra-Thin Openworked ""50th Anniversary"" 39mm",2022,Price on request
Audemars Piguet,"Audemars Piguet Royal Oak Offshore Lady
Chronograph 37mm",2023,Price on request
Audemars Piguet,"Audemars Piguet Royal Oak Selfwinding
41mm",2023,Price on request
Audemars Piguet,"Audemars Piguet Royal Oak Chronograph
Selfwinding Chronograph 41mm",2023,Price on request
Audemars Piguet,"Audemars Piguet Royal Oak Selfwinding
""50th Anniversary"" 37mm",2022,Price on request
Audemars Piguet,"Audemars Piguet Royal Oak Chronograph
41mm",2023,Price on request
Audemars Piguet,"Audemars Piguet Royal Oak Chronograph
Selfwinding Chronograph 38mm",2023,Price on request
Audemars Piguet,"Audemars Piguet Royal Oak Selfwinding
41mm",2022,Price on request
Audemars Piguet,"Audemars Piguet Royal Oak Selfwinding
""50th Anniversary"" 41mm",2022,Price on request
Audemars Piguet,"Audemars Piguet Royal Oak Chronograph
50th Anniversary 41mm",2022,Price on request
Audemars Piguet,"Audemars Piguet Royal Oak Chronograph
Selfwinding Chronograph “50th Anniversary” 41mm",2022,Price on request
Audemars Piguet,"Audemars Piguet Royal Oak Double Balance Wheel Openworked
41mm",2022,Price on request
Audemars Piguet,"Audemars Piguet Royal Oak Jumbo
""Jumbo"" Extra-Thin Openworked ""50th Anniversary"" 39mm",2023,Price on request
Audemars Piguet,"Audemars Piguet Royal Oak Chronograph
Selfwinding Chronograph 41mm",2023,Price on request
Audemars Piguet,"Audemars Piguet Royal Oak Selfwinding
37mm",2023,Price on request
Audemars Piguet,"Audemars Piguet Royal Oak Concept
""Black Panther"" Flying Tourbillon Limited Edition 42mm",Unknown,Price on request
Audemars Piguet,"Audemars Piguet Royal Oak Jumbo
""Jumbo"" Extra-Thin Openworked 39mm",2023,Price on request
Audemars Piguet,"Audemars Piguet Royal Oak Double Balance Wheel Openworked
Frosted Gold Double Balance Wheel Openworked Japan Special Edition 41mm",2023,Price on request
Audemars Piguet,"Audemars Piguet Royal Oak Tourbillon
Selfwinding Flying Tourbillon Limited Edition 41mm",2023,Price on request
Audemars Piguet,"Audemars Piguet Royal Oak Lady
Selfwinding 37mm",2023,Price on request
Audemars Piguet,"Audemars Piguet Royal Oak Jumbo
""Jumbo"" Extra Thin Special Edition 39mm",2023,Price on request
Audemars Piguet,"Audemars Piguet Royal Oak Chronograph
Frosted Gold Selfwinding Chronograph Limited Edition 41mm",2023,Price on request
Audemars Piguet,"Audemars Piguet Royal Oak Concept
Tourbillon Chronograph Openworked Selfwinding 44mm",2023,Price on request
Audemars Piguet,"Audemars Piguet Royal Oak Selfwinding
""50th Anniversary"" 41mm",2022,Price on request
Audemars Piguet,"Audemars Piguet Royal Oak Offshore Chronograph
Selfwinding Chronograph 42mm",2023,Price on request
Audemars Piguet,"Audemars Piguet Royal Oak Offshore Chronograph
Selfwinding Chronograph Limited Edition 43mm",2023,Price on request
Audemars Piguet,"Audemars Piguet Code 11.59
Selfwinding Flying Tourbillon 41mm",2023,Price on request
Audemars Piguet,"Audemars Piguet Royal Oak Selfwinding
""50th Anniversary"" 41mm",2022,Price on request
Audemars Piguet,"Audemars Piguet Code 11.59
Selfwinding Chronograph 41mm",2023,Price on request
Audemars Piguet,"Audemars Piguet Royal Oak Offshore Lady
Chronograph 37mm",2023,Price on request
Audemars Piguet,"Audemars Piguet Royal Oak Double Balance Wheel Openworked
Frosted Gold Double Balance Wheel Openworked 37mm",2023,Price on request
Audemars Piguet,"Audemars Piguet Royal Oak Perpetual Calendar
Ceramic 41mm",2021,Price on request
Audemars Piguet,"Audemars Piguet Royal Oak Selfwinding
37mm",2022,Price on request
Audemars Piguet,"Audemars Piguet Royal Oak Double Balance Wheel Openworked
37mm",2022,Price on request
Audemars Piguet,"Audemars Piguet Royal Oak Lady
37mm",2023,Price on request
Audemars Piguet,"Audemars Piguet Royal Oak Double Balance Wheel Openworked
Frosted Gold Double Balance Wheel Openworked 41mm",2022,Price on request
Audemars Piguet,"Audemars Piguet Royal Oak Jumbo
Selfwinding Jumbo Extra Thin 39mm",2022,Price on request
Audemars Piguet,"Audemars Piguet Royal Oak Double Balance Wheel Openworked
41mm",2023,Price on request
Audemars Piguet,"Audemars Piguet Code 11.59
Selfwinding Chronograph 41mm",2022,Price on request
Audemars Piguet,"Audemars Piguet Royal Oak Offshore Chronograph
Selfwinding Chronograph 43mm",2023,Price on request
Audemars Piguet,"Audemars Piguet Royal Oak Offshore Chronograph
Selfwinding Chronograph Boutique Edition 44mm",2022,Price on request
Audemars Piguet,"Audemars Piguet Royal Oak Offshore Chronograph
Selfwinding Chronograph 42mm",2022,Price on request
Audemars Piguet,"Audemars Piguet Royal Oak Offshore Chronograph
42mm",2022,Price on request
Audemars Piguet,"Audemars Piguet Royal Oak Selfwinding
50th Anniversary 37mm",2022,Price on request
Audemars Piguet,"Audemars Piguet Royal Oak Selfwinding
41mm",2022,Price on request
Audemars Piguet,"Audemars Piguet Royal Oak Selfwinding
50th Anniversary 37mm",2022,Price on request
Audemars Piguet,"Audemars Piguet Royal Oak Double Balance Wheel Openworked
Frosted Gold Double Balance Wheel Openworked 37mm",2022,Price on request
Audemars Piguet,"Audemars Piguet Royal Oak Double Balance Wheel Openworked
Frosted Gold Double Balance Wheel Openworked 41mm",2022,Price on request
Audemars Piguet,"Audemars Piguet Royal Oak Chronograph
Selfwinding Chronograph 38mm",2022,Price on request
Audemars Piguet,"Audemars Piguet Royal Oak Perpetual Calendar
Openworked 41mm",2023,Price on request
Audemars Piguet,"Audemars Piguet Royal Oak Chronograph
Selfwinding Chronograph 38mm",2023,Price on request
Audemars Piguet,"Audemars Piguet Royal Oak Jumbo
Extra-thin ""50th Anniversary"" 39mm",2022,Price on request
Audemars Piguet,"Audemars Piguet Royal Oak Jumbo
Extra-thin ""50th Anniversary"" 39mm",2022,Price on request
Audemars Piguet,"Audemars Piguet Royal Oak Tourbillon
Flying Tourbillon Extra Thin (RD#3) ""50th Anniversary"" 37mm",2022,Price on request
Audemars Piguet,"Audemars Piguet Royal Oak Chronograph
Selfwinding Chronograph 41mm",2023,Price on request
Audemars Piguet,"Audemars Piguet Royal Oak Lady
Quartz Special Edition 33mm",2023,Price on request
Audemars Piguet,"Audemars Piguet Royal Oak Chronograph
Selfwinding Chronograph Special Edition 41mm",2023,Price on request
Audemars Piguet,"Audemars Piguet Royal Oak Perpetual Calendar
Blue Ceramic 41mm",2023,Price on request
Audemars Piguet,"Audemars Piguet Royal Oak Selfwinding
""50th Anniversary"" 34mm",2023,Price on request
Audemars Piguet,"Audemars Piguet Royal Oak Lady
33mm",2022,Price on request
Audemars Piguet,"Audemars Piguet Royal Oak Offshore Tourbillon Chronograph
Ltd Ed 26540ST",2021 (Approximation),Price on request
Audemars Piguet,"Audemars Piguet Royal Oak Lady
Selfwining Rose Gold Pink Dial Diamond 37mm",2022,Price on request
Audemars Piguet,"Audemars Piguet Code 11.59
Selfwinding Chronograph 41mm",2022,Price on request
Audemars Piguet,"Audemars Piguet Royal Oak Lady
33mm",2022,Price on request
Audemars Piguet,"Audemars Piguet Royal Oak Chronograph
26022BC.OO.D002CR.01",Unknown,Price on request
Audemars Piguet,"Audemars Piguet Code 11.59
Tourbillon Openworked Skeleton 26600OR",2020 (Approximation),Price on request
Audemars Piguet,"Audemars Piguet Royal Oak Concept
TOURBILLON TITANIUM",2016 (Approximation),Price on request
Audemars Piguet,"Audemars Piguet Royal Oak Chronograph
Selfwinding Chronograph ""50th Anniversary"" 41mm",2022,Price on request
Audemars Piguet,"Audemars Piguet Royal Oak Selfwinding
""50th Anniversary"" 37mm",2022,Price on request
Audemars Piguet,"Audemars Piguet Royal Oak Selfwinding
41mm",2022,Price on request
Audemars Piguet,"Audemars Piguet Code 11.59
Selfwinding Flying Tourbillon 41mm",2022,Price on request
Audemars Piguet,"Audemars Piguet Royal Oak Chronograph
Selfwinding Chronograph ""50th Anniversary"" 41mm",2022,Price on request
Audemars Piguet,"Audemars Piguet Royal Oak Chronograph
Selfwinding Chronograph 41mm",2021,Price on request
Audemars Piguet,"Audemars Piguet Royal Oak Selfwinding
""50th Anniversary"" 37mm",2022,Price on request
Audemars Piguet,"Audemars Piguet Royal Oak Chronograph
Selfwinding Chronograph 41mm",Unknown,Price on request
Audemars Piguet,"Audemars Piguet Code 11.59
Selfwinding Chronograph 41mm",2021,Price on request
Audemars Piguet,"Audemars Piguet Code 11.59
Chronograph 26393OR.OO.A028CR.01",2021,Price on request
Audemars Piguet,"Audemars Piguet Royal Oak Offshore
26040ST.OO.D002CA.01",Unknown,"$20,544"
Audemars Piguet,"Audemars Piguet Royal Oak Offshore Chronograph
Selfwinding Chronograph 44mm",2022,Price on request
Audemars Piguet,"Audemars Piguet Royal Oak Selfwinding
37mm",2021,Price on request
Audemars Piguet,"Audemars Piguet Royal Oak Offshore Chronograph
BV Limited Edition 5 Dlc - Pvd",Unknown,"$37,710"
Audemars Piguet,"Audemars Piguet Royal Oak Offshore Chronograph
BV Limited Edition 5 Dlc - Pvd",Unknown,"$37,710"
Audemars Piguet,"Audemars Piguet Royal Oak Offshore Chronograph
BV Limited Edition 5 Dlc - Pvd",Unknown,"$37,710"
Audemars Piguet,"Audemars Piguet Royal Oak Offshore Chronograph
BV Limited Edition 10 Dlc - Pvd",Unknown,"$44,802"
Audemars Piguet,"Audemars Piguet Royal Oak Chronograph
25860ST",2006,"$40,054"
Audemars Piguet,"Audemars Piguet Royal Oak Offshore Chronograph
BV Limited Edition 10 Dlc - Pvd",Unknown,"$44,802"
Audemars Piguet,"Audemars Piguet Royal Oak Offshore Chronograph
BV Limited Edition 5 Dlc - Pvd",Unknown,"$37,710"
Audemars Piguet,"Audemars Piguet Royal Oak Offshore Chronograph
BV Limited Edition 5 Dlc - Pvd",Unknown,"$37,710"
Audemars Piguet,"Audemars Piguet Royal Oak Offshore Chronograph
BV Limited Edition 5 Dlc - Pvd",Unknown,"$37,710"
Audemars Piguet,"Audemars Piguet Royal Oak Offshore Chronograph
BV Limited Edition 10 Dlc - Pvd",Unknown,"$44,802"
Audemars Piguet,"Audemars Piguet Royal Oak Offshore Chronograph
BV Limited Edition 5 Dlc - Pvd",Unknown,"$37,710"
Audemars Piguet,"Audemars Piguet Royal Oak Chronograph
Black Dial - BV Limited Edition 10 Dlc - Pvd",Unknown,"$71,042"
Audemars Piguet,"Audemars Piguet Royal Oak Offshore Chronograph
Black&White - BV Limited Edition 5 Dlc - Pvd",Unknown,"$44,802"
Audemars Piguet,"Audemars Piguet Jules Audemars
Minute Repeater 26590PT.OO.D028CR.01",Unknown,Price on request
Audemars Piguet,"Audemars Piguet Royal Oak Offshore Chronograph
 Japan Boutique Limited Edition 44mm",2022,Price on request
Audemars Piguet,"Audemars Piguet Royal Oak Chronograph
Selfwinding Chronograph 41mm",2022,Price on request
Audemars Piguet,"Audemars Piguet Royal Oak
Carolina Bucci Black Ceramic with Rainbow Dial 77350CE.OO.1266CE.02.A",2023,"$95,294"
Audemars Piguet,"Audemars Piguet Royal Oak Chronograph
Frosted Yellow Gold 26240BA.GG.1324BA.01",2022,"$180,000"
Audemars Piguet,"Audemars Piguet Royal Oak Jumbo
50th Anniversary 16202ST.OO.1240ST.01",2022,"$97,000"
Audemars Piguet,"Audemars Piguet Royal Oak Offshore Chronograph
25770ST/O/0001KE/01",2002,"$23,823"
Audemars Piguet,"Audemars Piguet Royal Oak Offshore Chronograph
Perpetual 25854TI.OO.1150TI.01",2004,"$65,514"
Audemars Piguet,"Audemars Piguet Royal Oak Day-Date
25572ST",1994,"$41,691"
Audemars Piguet,"Audemars Piguet Royal Oak Jumbo
""Jumbo"" Extra-Thin Titanium & Platinum 15202IP",2018,"$175,000"
Audemars Piguet,"Audemars Piguet Royal Oak Chronograph
26331ST.OO.1220ST.01",2021 (Approximation),"$56,000"
Audemars Piguet,"Audemars Piguet Royal Oak Offshore Chronograph
Montoya | 26030RO",Unknown,"$52,500"
Audemars Piguet,"Audemars Piguet Royal Oak Jumbo
Extra-Thin in Steel with Blue Dial 15202ST",2020,"$125,073"
Audemars Piguet,"Audemars Piguet Royal Oak Concept
Black Panther Flying Tourbillon 26620IO.OO.D077CA.01",2021,"$409,000"
Audemars Piguet,"Audemars Piguet Royal Oak Chronograph
25960OR.OO.1185OR.01",Unknown,"$68,500"
Audemars Piguet,"Audemars Piguet Royal Oak Jumbo
""Jubilee"" 14802ST.OO.0944ST.01",1994,"$114,769"
Audemars Piguet,"Audemars Piguet Code 11.59
15210BC.OO.A500KB.01",2021,"$29,500"
Audemars Piguet,"Audemars Piguet Royal Oak
""50th Anniversary"" Green Dial 15510ST.OO.1320ST.04",2022,"$62,000"
Audemars Piguet,"Audemars Piguet Royal Oak Perpetual Calendar
Ulta-Thin RD2 26586IP",2020 (Approximation),"$225,000"
Audemars Piguet,"Audemars Piguet Millenary Ladies
with Diamonds 77247OR.ZZ.A812CR.01",Unknown,"$24,000"
Audemars Piguet,"Audemars Piguet Royal Oak Offshore Chronograph
Michael Schumacher Titanium 26568IM",2013,"$57,000"
Audemars Piguet,"Audemars Piguet Royal Oak Selfwinding
15400st.oo.1220st.01",2013,"$77,426"
Audemars Piguet,"Audemars Piguet Royal Oak Perpetual Calendar
in Black Ceramic - 26579CE",2019 (Approximation),"$225,000"
Audemars Piguet,"Audemars Piguet Royal Oak Chronograph
Black Ceramic ""50th Anniversary"" 26240CE.OO.1225CE.01",2023 (Approximation),"$177,892"
Audemars Piguet,"Audemars Piguet Royal Oak Offshore Tourbillon Chronograph
Platinum",2016 (Approximation),"$155,000"
Audemars Piguet,"Audemars Piguet Royal Oak Chronograph
Selfwinding Chronograph 26715OR.OO.1356OR.01",2022 (Approximation),"$160,808"
Audemars Piguet,"Audemars Piguet Royal Oak Offshore Tourbillon Chronograph
26622TI.GG.D002CA.01 Limited to 100 pcs",2022,"$320,000"
Audemars Piguet,"Audemars Piguet Royal Oak Tourbillon
Extra-Thin Tourbillon Rose Gold & Blue Dial",2018,"$230,000"
Audemars Piguet,"Audemars Piguet Royal Oak Jumbo
Extra-Thin | (15202) Platinum",2020 (Approximation),"$240,000"
Audemars Piguet,"Audemars Piguet Royal Oak Lady
Black Dial with Diamonds 15451ST.ZZ.1256ST.01",2013,"$38,500"
Audemars Piguet,"Audemars Piguet Royal Oak Offshore Chronograph
Rubens Barrichello Ltd Ed",2007,"$95,000"
Audemars Piguet,"Audemars Piguet Code 11.59
Perpetual Calendar",2021 (Approximation),"$85,000"
Audemars Piguet,"Audemars Piguet Royal Oak Dual Time
26120ST.OO.1220ST.01",2007,"$54,794"
Audemars Piguet,"Audemars Piguet Royal Oak Offshore Tourbillon Chronograph
26540OR",2020,"$205,000"
Audemars Piguet,"Audemars Piguet Royal Oak Perpetual Calendar
Salmon Dial 26615TI.OO.1220TI.01",2021,"$190,000"
Audemars Piguet,"Audemars Piguet Jules Audemars
CHRONOMETER WITH AUDEMARS PIGUET ESCAPEMENT",2019,"$105,000"
Audemars Piguet,"Audemars Piguet Royal Oak Tourbillon
Extra-Thin Tourbillon",2016,"$155,000"
Audemars Piguet,"Audemars Piguet Royal Oak
41mm in Steel & Blue Dial - 15500ST",2019,"$106,014"
Audemars Piguet,"Audemars Piguet Royal Oak
Openworked | 15416CE.OO.1225CE.01 Black ceramic",2020,"$315,660"
Audemars Piguet,"Audemars Piguet Code 11.59
Flying Tourbillon 26396BC.OO.D321CR.01",2019,"$131,029"
Audemars Piguet,"Audemars Piguet Royal Oak Offshore Diver
15703ST.OO.A002CA.01",Unknown,"$28,588"
Audemars Piguet,"Audemars Piguet Royal Oak Concept
Tourbillon Rose Gold Ceramic 26223RO",2017 (Approximation),Price on request
Audemars Piguet,"Audemars Piguet Royal Oak
with Diamonds 4287BC",1986,Price on request
Audemars Piguet,"Audemars Piguet Royal Oak Selfwinding
34mm",2022,Price on request
Audemars Piguet,"Audemars Piguet Royal Oak Chronograph
Selfwinding Chronograph ""50th Anniversary"" 41mm",2022,Price on request
Audemars Piguet,"Audemars Piguet Royal Oak Offshore
Rubens Barrichello 26071IK.OO.D002CA.01",2006,"$59,559"
Audemars Piguet,"Audemars Piguet Royal Oak Offshore Chronograph
42mm",2022,Price on request
Audemars Piguet,"Audemars Piguet Royal Oak Chronograph
Selfwinding Chronograph 41mm",2023,Price on request
Audemars Piguet,"Audemars Piguet Royal Oak Chronograph
Selfwinding Chronograph 41mm",2022,Price on request
Audemars Piguet,"Audemars Piguet Millenary
Tourbillon Calcédoine Diamonds 26345OR.OO.ZZ.D080GA.01",2010,Price on request
Audemars Piguet,"Audemars Piguet Royal Oak Selfwinding
34mm",2022,Price on request
Audemars Piguet,"Audemars Piguet Royal Oak Chronograph
Selfwinding Chronograph 41mm",2022,Price on request
Audemars Piguet,"Audemars Piguet Royal Oak Offshore Chronograph
26178OK.OO.D002CA.01",Unknown,Price on request
Audemars Piguet,"Audemars Piguet Royal Oak Selfwinding
15450 | FULL SET 2017 J-serial | 37MM | MINT",2017 (Approximation),"$40,743"
Audemars Piguet,"Audemars Piguet Royal Oak Lady
Quartz 33mm",2022,Price on request
Audemars Piguet,"Audemars Piguet Royal Oak Selfwinding
34mm",2023,Price on request
Audemars Piguet,"Audemars Piguet Royal Oak Offshore Chronograph
Survivor 26165IO.OO.A002CA.01",Unknown,Price on request
Audemars Piguet,"Audemars Piguet Royal Oak Lady
Selfwinding 37mm",2022,Price on request
Audemars Piguet,"Audemars Piguet Royal Oak Offshore
Jalan Bukit Limited Edition 26115TI.OO.D002CR.01",2008,"$44,073"
Audemars Piguet,"Audemars Piguet Royal Oak
Indian Sanskrit Ltd & Special Edition - 15409OR",2019,Price on request
Audemars Piguet,"Audemars Piguet Royal Oak Chronograph
""Hour Glass Commemorative Edition"" 41mm",2022,Price on request
Audemars Piguet,"Audemars Piguet Royal Oak Perpetual Calendar
China Limited Edition 41mm",Unknown,Price on request
Audemars Piguet,"Audemars Piguet
'BAMBOO' 66172BA Gold And Diamond-Set",Unknown,"$12,000"
Audemars Piguet,"Audemars Piguet Royal Oak Selfwinding
Openworked Extra-Thin 39mm",Unknown,Price on request
Audemars Piguet,"Audemars Piguet Royal Oak Chronograph
41mm",2022,Price on request
Audemars Piguet,"Audemars Piguet Royal Oak Lady
Selfwinding 37mm",2021,Price on request
Audemars Piguet,"Audemars Piguet Royal Oak Chronograph
Selfwinding Chronograph 41mm",2023,"$64,156"
Audemars Piguet,"Audemars Piguet Royal Oak Selfwinding
37mm",2022,"$53,827"
Audemars Piguet,"Audemars Piguet Royal Oak Perpetual Calendar
41mm",2023,"$152,069"
Audemars Piguet,"Audemars Piguet Royal Oak Selfwinding
37mm",2023,"$55,663"
Audemars Piguet,"Audemars Piguet Royal Oak Chronograph
Selfwinding Chronograph 41mm",2023,"$57,270"
Audemars Piguet,"Audemars Piguet Royal Oak Selfwinding
37mm",2023,"$46,482"
Audemars Piguet,"Audemars Piguet Royal Oak Chronograph
Selfwinding Chronograph “50th Anniversary” 41mm",2023,"$94,799"
Audemars Piguet,"Audemars Piguet Royal Oak Double Balance Wheel Openworked
41mm",2023,"$251,918"
Audemars Piguet,"Audemars Piguet Royal Oak Perpetual Calendar
41mm",2022,"$157,119"
Audemars Piguet,"Audemars Piguet Royal Oak Chronograph
Selfwinding Chronograph ""50th Anniversary"" 41mm",2022,"$113,507"
Audemars Piguet,"Audemars Piguet Royal Oak Chronograph
Selfwinding Chronograph 38mm",2023,"$76,322"
Audemars Piguet,"Audemars Piguet Royal Oak Selfwinding
""50th Anniversary"" 34mm",2022,"$90,094"
Audemars Piguet,"Audemars Piguet Royal Oak Jumbo
""Jumbo"" Extra Thin 39mm",2022,"$290,251"
Audemars Piguet,"Audemars Piguet Code 11.59
41mm",2023,"$32,709"
Audemars Piguet,"Audemars Piguet Royal Oak Selfwinding
37mm",2023,"$47,400"
Audemars Piguet,"Audemars Piguet Royal Oak Selfwinding
37mm",2023,"$93,537"
Audemars Piguet,"Audemars Piguet Royal Oak Offshore Chronograph
Selfwinding Chronograph 43mm",2023,"$52,220"
Audemars Piguet,"Audemars Piguet Royal Oak Chronograph
Selfwinding Chronograph 41mm",2023,"$105,473"
Audemars Piguet,"Audemars Piguet Royal Oak Selfwinding
""50th Anniversary"" 34mm",2022,"$64,156"
Audemars Piguet,"Audemars Piguet Royal Oak Chronograph
Selfwinding Chronograph 41mm",2023,"$90,094"
Audemars Piguet,"Audemars Piguet Royal Oak Chronograph
Selfwinding Chronograph 41mm",2023,"$84,355"
Audemars Piguet,"Audemars Piguet Royal Oak Chronograph
Selfwinding Chronograph 41mm",2023,"$125,098"
Audemars Piguet,"Audemars Piguet Royal Oak Offshore Chronograph
Selfwinding Chronograph 42mm",2022,"$61,861"
Audemars Piguet,"Audemars Piguet Royal Oak Selfwinding
41mm",2023,"$122,803"
Audemars Piguet,"Audemars Piguet Royal Oak Chronograph
Selfwinding Chronograph 41mm",2023,"$180,073"
Audemars Piguet,"Audemars Piguet Royal Oak Selfwinding
34mm",2023,"$65,304"
Audemars Piguet,"Audemars Piguet Royal Oak Selfwinding
37mm",2023,"$64,156"
Audemars Piguet,"Audemars Piguet Code 11.59
Selfwinding Chronograph 41mm",2023,"$45,793"
Audemars Piguet,"Audemars Piguet Royal Oak Chronograph
Selfwinding Chronograph ""50th Anniversary"" 41mm",2022,"$65,304"
Audemars Piguet,"Audemars Piguet Royal Oak Offshore Chronograph
Selfwinding Chronograph 42mm",2022,"$56,811"
Audemars Piguet,"Audemars Piguet Royal Oak Selfwinding
41mm",2023,"$64,156"
Audemars Piguet,"Audemars Piguet Code 11.59
Selfwinding Chronograph 41mm",2023,"$48,088"
Audemars Piguet,"Audemars Piguet Royal Oak Offshore Lady
Selfwinding Chronograph 37mm",2023,"$85,503"
Audemars Piguet,"Audemars Piguet Royal Oak Selfwinding
37mm",2023,"$97,783"
Audemars Piguet,"Audemars Piguet Royal Oak Chronograph
Selfwinding Chronograph 38mm",2023,"$110,064"
Audemars Piguet,"Audemars Piguet Royal Oak Offshore Chronograph
Selfwinding Chronograph 43mm",2023,"$85,503"
Audemars Piguet,"Audemars Piguet Royal Oak Selfwinding
37mm",2023,"$53,827"
Audemars Piguet,"Audemars Piguet Royal Oak Chronograph
Selfwinding Chronograph ""50th Anniversary"" 41mm",2022,"$102,948"
Audemars Piguet,"Audemars Piguet Royal Oak Selfwinding
41mm",2023,"$75,518"
Audemars Piguet,"Audemars Piguet Royal Oak Selfwinding
41mm",2023,"$65,304"
Audemars Piguet,"Audemars Piguet Royal Oak Jumbo
Extra Thin 39mm",2023,"$162,972"
Audemars Piguet,"Audemars Piguet Royal Oak Selfwinding
34mm",2023,"$90,094"
Audemars Piguet,"Audemars Piguet Royal Oak Selfwinding
50th Anniversary 41mm",2022,"$78,032"
Audemars Piguet,"Audemars Piguet Royal Oak Offshore Chronograph
Selfwinding Chronograph 43mm",2023,"$150,922"
Audemars Piguet,"Audemars Piguet Royal Oak Selfwinding
34mm",2023,"$82,519"
Audemars Piguet,"Audemars Piguet Royal Oak Chronograph
Selfwinding Chronograph 41mm",2023,"$75,977"
Audemars Piguet,"Audemars Piguet Royal Oak Offshore
Selfwinding Music Limited Edition 43mm",2022,"$60,254"
Audemars Piguet,"Audemars Piguet Royal Oak Chronograph
Selfwinding Chronograph 41mm",2023,"$100,423"
Audemars Piguet,"Audemars Piguet Royal Oak Selfwinding
37mm",2023,"$110,064"
Audemars Piguet,"Audemars Piguet Royal Oak Selfwinding
41mm",2023,"$67,140"
Audemars Piguet,"Audemars Piguet Royal Oak Offshore Chronograph
Selfwinding Chronograph 43mm",2023,"$77,928"
Audemars Piguet,"Audemars Piguet Royal Oak Selfwinding
""50th Anniversary"" 41mm",2022,"$72,190"
Audemars Piguet,"Audemars Piguet Royal Oak Selfwinding
41mm",2023,"$48,995"
Audemars Piguet,"Audemars Piguet Royal Oak Selfwinding
34mm",2023,"$59,565"
Audemars Piguet,"Audemars Piguet Royal Oak Offshore
Selfwinding Music Edition 37mm",2023,"$48,088"
Audemars Piguet,"Audemars Piguet Royal Oak Lady
Quartz 33mm",2022,"$72,190"
Audemars Piguet,"Audemars Piguet Royal Oak Selfwinding
50th Anniversary 37mm",2022,"$61,861"
Audemars Piguet,"Audemars Piguet Royal Oak Offshore Diver
42mm",2022,"$36,956"
Audemars Piguet,"Audemars Piguet Royal Oak Offshore Chronograph
42mm",2022,"$63,008"
Audemars Piguet,"Audemars Piguet Royal Oak Jumbo
""Jumbo"" Extra-thin 39mm",2023,"$101,571"
Audemars Piguet,"Audemars Piguet Royal Oak Chronograph
Selfwinding Chronograph 41mm",2022,Price on request
Audemars Piguet,"Audemars Piguet Royal Oak Chronograph
41mm",2021,Price on request
Audemars Piguet,"Audemars Piguet Royal Oak
Nero - BV Limited Edition 10 Dlc - Pvd",Unknown,"$60,713"
Audemars Piguet,"Audemars Piguet
Ladies Miniature Wristwatch",1929,"$4,109"
Audemars Piguet,"Audemars Piguet [Re]master01
Selfwinding Chronograph Limited Edition 40mm",2022,Price on request
Audemars Piguet,"Audemars Piguet Royal Oak Offshore Chronograph
Perpetual Calendar 26209TI.OO.D101CR.01",2013,"$71,470"
Audemars Piguet,"Audemars Piguet [Re]master01
Chronograph in Steel & Gold 26595SR",2020 (Approximation),"$41,000"
Audemars Piguet,"Audemars Piguet Royal Oak Chronograph
Selfwinding Chronograph 41mm | Fullset | AP",2019,"$143,462"
Audemars Piguet,"Audemars Piguet Royal Oak Perpetual Calendar
26579CS.OO.1225CS.01",Unknown,Price on request
Audemars Piguet,"Audemars Piguet Royal Oak Jumbo
“JUMBO” EXTRA-THIN",Unknown,Price on request
Audemars Piguet,"Audemars Piguet Royal Oak Offshore Chronograph
Selfwinding Chronograph",Unknown,Price on request
Audemars Piguet,"Audemars Piguet Royal Oak Lady
67650ST.OO.1261ST.01",2023,"$22,307"
Audemars Piguet,"Audemars Piguet Royal Oak Offshore Chronograph
SELFWINDING CHRONOGRAPH",Unknown,"$39,759"
Audemars Piguet,"Audemars Piguet Royal Oak Chronograph
Selfwinding Chronograph",Unknown,"$54,062"
Audemars Piguet,"Audemars Piguet Royal Oak Jumbo
""JUMBO"" EXTRA-THIN OPENWORKED ""50TH ANNIVERSARY""",Unknown,"$323,188"
Audemars Piguet,"Audemars Piguet Code 11.59
BY AUDEMARS PIGUET SELFWINDING CHRONOGRAPH",Unknown,"$42,383"
Audemars Piguet,"Audemars Piguet Royal Oak Chronograph
SELFWINDING CHRONOGRAPH",Unknown,"$129,905"
Audemars Piguet,"Audemars Piguet Royal Oak Chronograph
SELFWINDING CHRONOGRAPH",Unknown,"$173,732"
Audemars Piguet,"Audemars Piguet Royal Oak Chronograph
SELFWINDING CHRONOGRAPH",Unknown,"$179,374"
Audemars Piguet,"Audemars Piguet Code 11.59
BY AUDEMARS PIGUET SELFWINDING CHRONOGRAPH",Unknown,"$46,976"
Audemars Piguet,"Audemars Piguet Code 11.59
BY AUDEMARS PIGUET SELFWINDING CHRONOGRAPH",Unknown,"$51,831"
Audemars Piguet,"Audemars Piguet Royal Oak Selfwinding
15551ST.ZZ.1356ST.04",2023,"$60,885"
Audemars Piguet,"Audemars Piguet Royal Oak Chronograph
SELFWINDING CHRONOGRAPH",Unknown,"$81,355"
Audemars Piguet,"Audemars Piguet Royal Oak Selfwinding
15551ST.ZZ.1356ST.06",2023,"$52,093"
Audemars Piguet,"Audemars Piguet Royal Oak Selfwinding
15551ST.ZZ.1356ST.05",2023,"$54,718"
Audemars Piguet,"Audemars Piguet Royal Oak Selfwinding
15551BC.ZZ.1356BC.01",2023,"$165,203"
Audemars Piguet,"Audemars Piguet Royal Oak Offshore Chronograph
SELFWINDING CHRONOGRAPH",Unknown,"$61,147"
Audemars Piguet,"Audemars Piguet Royal Oak Chronograph
SELFWINDING CHRONOGRAPH",Unknown,"$88,309"
Audemars Piguet,"Audemars Piguet Royal Oak Selfwinding
15551BC.ZZ.1356BC.02",2023,"$222,151"
Audemars Piguet,"Audemars Piguet Royal Oak Jumbo
""JUMBO"" EXTRA-THIN ""50TH ANNIVERSARY""",Unknown,"$152,212"
Audemars Piguet,"Audemars Piguet Royal Oak Selfwinding
15551OR.ZZ.1356OR.06",Unknown,"$95,395"
Audemars Piguet,"Audemars Piguet Royal Oak Chronograph
SELFWINDING CHRONOGRAPH",Unknown,"$127,674"
Audemars Piguet,"Audemars Piguet Royal Oak Chronograph
SELFWINDING CHRONOGRAPH",Unknown,"$112,847"
Audemars Piguet,"Audemars Piguet Royal Oak Chronograph
SELFWINDING CHRONOGRAPH “50TH ANNIVERSARY”",Unknown,"$65,740"
Audemars Piguet,"Audemars Piguet Royal Oak Selfwinding
77450ST.OO.1361ST.02",Unknown,"$32,148"
Audemars Piguet,"Audemars Piguet Royal Oak Chronograph
SELFWINDING CHRONOGRAPH “50TH ANNIVERSARY”",Unknown,"$88,309"
Audemars Piguet,"Audemars Piguet Royal Oak Chronograph
SELFWINDING CHRONOGRAPH “50TH ANNIVERSARY”",Unknown,"$78,730"
Audemars Piguet,"Audemars Piguet Royal Oak Chronograph
Selfwinding Chronograph",Unknown,"$98,151"
Audemars Piguet,"Audemars Piguet Royal Oak Perpetual Calendar
Selfwinding Perpetual Calendar Ultra-Thin",Unknown,"$233,567"
Audemars Piguet,"Audemars Piguet Royal Oak Concept
FLYING TOURBILLON GMT",Unknown,"$276,212"
Audemars Piguet,"Audemars Piguet Royal Oak Offshore Diver
15720ST.OO.A052CA.01",Unknown,"$35,166"
Audemars Piguet,"Audemars Piguet Royal Oak Selfwinding
15502OR.ZZ.1222OR.01",Unknown,"$310,329"
Audemars Piguet,"Audemars Piguet Code 11.59
26394OR.OO.D321CR.01",Unknown,"$92,377"
Audemars Piguet,"Audemars Piguet Royal Oak Chronograph
FROSTED GOLD SELFWINDING CHRONOGRAPH",Unknown,"$176,487"
Audemars Piguet,"Audemars Piguet Royal Oak Selfwinding
FROSTED GOLD SELFWINDING",Unknown,"$95,133"
Audemars Piguet,"Audemars Piguet Royal Oak Offshore Chronograph
SELFWINDING CHRONOGRAPH",Unknown,"$55,242"
Audemars Piguet,"Audemars Piguet Royal Oak Double Balance Wheel Openworked
FROSTED GOLD DOUBLE BALANCE WHEEL OPENWORKED",Unknown,"$266,240"
Audemars Piguet,"Audemars Piguet Royal Oak Concept
Black Panther Flying Tourbillon Royal Oak Concept",Unknown,"$390,109"
Audemars Piguet,"Audemars Piguet Royal Oak Selfwinding
15450ST.OO.1256ST.02",Unknown,"$42,383"
Audemars Piguet,"Audemars Piguet Royal Oak Tourbillon
SELFWINDING FLYING TOURBILLON ""50TH ANNIVERSARY""",Unknown,"$247,738"
Audemars Piguet,"Audemars Piguet Royal Oak Perpetual Calendar
26574OR.OO.1220OR.03",Unknown,"$216,509"
Audemars Piguet,"Audemars Piguet Royal Oak Chronograph
SELFWINDING CHRONOGRAPH",Unknown,"$55,505"
Audemars Piguet,"Audemars Piguet Royal Oak Chronograph
SELFWINDING CHRONOGRAPH ""50TH ANNIVERSARY""",Unknown,"$78,206"
Audemars Piguet,"Audemars Piguet Royal Oak Offshore Chronograph
SELFWINDING CHRONOGRAPH",Unknown,"$41,858"
Audemars Piguet,"Audemars Piguet Royal Oak Selfwinding
15510ST.OO.1320ST.10",Unknown,"$46,976"
Audemars Piguet,"Audemars Piguet Royal Oak Selfwinding
77451OR.ZZ.1361OR.04",Unknown,"$74,007"
Audemars Piguet,"Audemars Piguet Royal Oak Jumbo
""JUMBO"" EXTRA-THIN ""50TH ANNIVERSARY""",Unknown,"$196,432"
Audemars Piguet,"Audemars Piguet Royal Oak Selfwinding
77350CE.OO.1266CE.01",Unknown,"$61,672"
Audemars Piguet,"Audemars Piguet Royal Oak Lady
Frosted Gold Quartz",Unknown,"$75,450"
Audemars Piguet,"Audemars Piguet Royal Oak Selfwinding
15500ST.OO.1220ST.03",Unknown,"$47,829"
Audemars Piguet,"Audemars Piguet Royal Oak Offshore Chronograph
Selfwinding Chronograph",Unknown,"$170,845"
Audemars Piguet,"Audemars Piguet Royal Oak Selfwinding
50th Anniversary ""50th 37mm",Unknown,"$67,774"
Audemars Piguet,"Audemars Piguet Royal Oak Chronograph
SELFWINDING CHRONOGRAPH ""50TH ANNIVERSARY""",Unknown,"$118,096"
Audemars Piguet,"Audemars Piguet Royal Oak Double Balance Wheel Openworked
15412BC.ZZ.1220BC.01",Unknown,"$333,161"
Audemars Piguet,"Audemars Piguet Royal Oak Jumbo
""JUMBO"" EXTRA-THIN",Unknown,"$169,402"
Audemars Piguet,"Audemars Piguet Royal Oak Offshore
SELFWINDING - MUSIC EDITION",Unknown,"$370,164"
Audemars Piguet,"Audemars Piguet Royal Oak Offshore Chronograph
SELFWINDING CHRONOGRAPH",Unknown,"$43,302"
Audemars Piguet,"Audemars Piguet Royal Oak Offshore Diver
15720ST.OO.A009CA.01",Unknown,"$32,804"
Audemars Piguet,"Audemars Piguet Royal Oak Lady
SELFWINDING",Unknown,"$92,508"
Audemars Piguet,"Audemars Piguet Royal Oak Chronograph
SELFWINDING CHRONOGRAPH",Unknown,"$83,979"
Audemars Piguet,"Audemars Piguet Royal Oak Chronograph
SELFWINDING CHRONOGRAPH ""50TH ANNIVERSARY""",Unknown,"$130,955"
Audemars Piguet,"Audemars Piguet Royal Oak Selfwinding
""50TH ANNIVERSARY""",Unknown,"$51,175"
Audemars Piguet,"Audemars Piguet Royal Oak Selfwinding
77350CE.OO.1266CE.02.A",Unknown,"$115,602"
Audemars Piguet,"Audemars Piguet Royal Oak Chronograph
SELFWINDING CHRONOGRAPH",Unknown,"$105,368"
Audemars Piguet,"Audemars Piguet Royal Oak Chronograph
SELFWINDING CHRONOGRAPH ""50TH ANNIVERSARY""",Unknown,"$172,288"
Audemars Piguet,"Audemars Piguet Royal Oak Selfwinding
15500OR.OO.D002CR.01",Unknown,"$61,147"
Audemars Piguet,"Audemars Piguet Royal Oak Jumbo
“JUMBO” EXTRA-THIN",Unknown,"$187,903"
Audemars Piguet,"Audemars Piguet Royal Oak Jumbo
""JUMBO"" EXTRA-THIN",Unknown,"$213,556"
Audemars Piguet,"Audemars Piguet Royal Oak Chronograph
SELFWINDING CHRONOGRAPH “50TH ANNIVERSARY”",Unknown,"$255,874"
Audemars Piguet,"Audemars Piguet Royal Oak Chronograph
SELFWINDING CHRONOGRAPH",Unknown,"$57,473"
Audemars Piguet,"Audemars Piguet Royal Oak Chronograph
SELFWINDING CHRONOGRAPH",Unknown,"$54,127"
Audemars Piguet,"Audemars Piguet Royal Oak Tourbillon
SELFWINDING FLYING TOURBILLON ""50TH ANNIVERSARY""",Unknown,"$305,999"
Audemars Piguet,"Audemars Piguet Royal Oak Concept
FLYING TOURBILLON GMT",Unknown,"$204,699"
Audemars Piguet,"Audemars Piguet Royal Oak Chronograph
SELFWINDING CHRONOGRAPH ""50TH ANNIVERSARY""",Unknown,"$150,900"
Audemars Piguet,"Audemars Piguet Royal Oak Tourbillon
SELFWINDING FLYING TOURBILLON EXTRA-THIN (RD#3)",Unknown,"$330,274"
Audemars Piguet,"Audemars Piguet Royal Oak Double Balance Wheel Openworked
15407ST.OO.1220ST.01",Unknown,"$156,608"
Audemars Piguet,"Audemars Piguet Royal Oak Selfwinding
15500ST.OO.1220ST.02",Unknown,"$45,532"
Audemars Piguet,"Audemars Piguet Royal Oak Selfwinding
""50TH ANNIVERSARY""",Unknown,"$64,034"
Audemars Piguet,"Audemars Piguet Royal Oak Selfwinding
""50TH ANNIVERSARY""",Unknown,"$90,802"
Audemars Piguet,"Audemars Piguet Royal Oak Selfwinding
""50TH ANNIVERSARY""",Unknown,"$39,824"
Audemars Piguet,"Audemars Piguet Royal Oak Perpetual Calendar
 26579CB.OO.1225CB.01",Unknown,"$342,477"
Audemars Piguet,"Audemars Piguet Royal Oak Perpetual Calendar
26574TI.OO.1220TI.01",Unknown,"$235,535"
Audemars Piguet,"Audemars Piguet Royal Oak Jumbo
“Jumbo” Extra-thin",Unknown,"$185,016"
Audemars Piguet,"Audemars Piguet Royal Oak Offshore Chronograph
SELFWINDING CHRONOGRAPH",Unknown,"$48,682"
Audemars Piguet,"Audemars Piguet Royal Oak Selfwinding
15510ST.OO.1320ST.09",Unknown,"$66,921"
Audemars Piguet,"Audemars Piguet Millenary Ladies
77247OR.ZZ.A812CR.01",Unknown,"$24,210"
Audemars Piguet,"Audemars Piguet Royal Oak Selfwinding
15450ST.OO.1256ST.01",Unknown,"$39,234"
Audemars Piguet,"Audemars Piguet Royal Oak Chronograph
SELFWINDING CHRONOGRAPH “50TH ANNIVERSARY”",Unknown,"$119,539"
Audemars Piguet,"Audemars Piguet Royal Oak Chronograph
Selfwinding Chronograph",Unknown,"$51,175"
Audemars Piguet,"Audemars Piguet Royal Oak Offshore Chronograph
Selfwinding Chronograph",Unknown,"$44,089"
Audemars Piguet,"Audemars Piguet Royal Oak Offshore Chronograph
SELFWINDING CHRONOGRAPH",2023,"$85,291"
Audemars Piguet,"Audemars Piguet Royal Oak Lady
SELFWINDING",Unknown,"$159,692"
Audemars Piguet,"Audemars Piguet Royal Oak Offshore
SELFWINDING - MUSIC EDITION",Unknown,"$58,917"
Audemars Piguet,"Audemars Piguet Royal Oak Lady
SELFWINDING",Unknown,"$88,178"
Audemars Piguet,"Audemars Piguet Royal Oak Offshore
SELFWINDING - MUSIC EDITION",Unknown,"$42,121"
Audemars Piguet,"Audemars Piguet Royal Oak Jumbo
“JUMBO” EXTRA-THIN",Unknown,"$324,632"
Audemars Piguet,"Audemars Piguet Royal Oak Selfwinding
77451OR.ZZ.1361OR.03",Unknown,"$69,742"
Audemars Piguet,"Audemars Piguet Royal Oak Selfwinding
77451BC.ZZ.1261BC.01",Unknown,"$185,016"
Audemars Piguet,"Audemars Piguet Royal Oak Selfwinding
77451ST.ZZ.1361ST.03",Unknown,"$58,917"
Audemars Piguet,"Audemars Piguet Royal Oak Chronograph
FROSTED GOLD SELFWINDING CHRONOGRAPH",Unknown,"$176,487"
Audemars Piguet,"Audemars Piguet Royal Oak
MINUTE REPEATER SUPERSONNERIE",Unknown,"$297,470"
Audemars Piguet,"Audemars Piguet Royal Oak Offshore Lady
SELFWINDING CHRONOGRAPH",Unknown,"$72,563"
Audemars Piguet,"Audemars Piguet Royal Oak Lady
SELFWINDING",Unknown,"$52,487"
Audemars Piguet,"Audemars Piguet Royal Oak Offshore Chronograph
Selfwinding Chronograph",Unknown,"$64,953"
Audemars Piguet,"Audemars Piguet Royal Oak Jumbo
""JUMBO"" EXTRA-THIN OPENWORKED ""50TH ANNIVERSARY""",Unknown,"$410,054"
Audemars Piguet,"Audemars Piguet Royal Oak Lady
15451ST.ZZ.1256ST.01",Unknown,"$53,143"
Audemars Piguet,"Audemars Piguet Royal Oak Selfwinding
77350SR.OO.1261SR.01",Unknown,"$35,035"
Audemars Piguet,"Audemars Piguet Royal Oak Perpetual Calendar
26574ST.OO.1220ST.02",Unknown,"$133,842"
Audemars Piguet,"Audemars Piguet Royal Oak Offshore Lady
26231BA.ZZ.D027CA.01",Unknown,"$97,363"
Audemars Piguet,"Audemars Piguet Royal Oak Jumbo
""JUMBO"" EXTRA-THIN ""50TH ANNIVERSARY""",Unknown,"$267,683"
Audemars Piguet,"Audemars Piguet Royal Oak Perpetual Calendar
26615TI.OO.1220TI.01",Unknown,"$233,436"
Audemars Piguet,"Audemars Piguet Royal Oak Offshore Lady
SELFWINDING CHRONOGRAPH",Unknown,"$52,618"
Audemars Piguet,"Audemars Piguet Royal Oak Selfwinding
77351OR.ZZ.1261OR.01",Unknown,"$77,156"
Audemars Piguet,"Audemars Piguet Royal Oak Chronograph
SELFWINDING CHRONOGRAPH “50TH ANNIVERSARY”",Unknown,"$92,508"
Audemars Piguet,"Audemars Piguet Royal Oak Selfwinding
15551OR.ZZ.1356OR.05",Unknown,"$90,278"
Audemars Piguet,"Audemars Piguet Royal Oak Offshore Chronograph
SELFWINDING CHRONOGRAPH",Unknown,"$58,392"
Audemars Piguet,"Audemars Piguet Royal Oak Chronograph
SELFWINDING CHRONOGRAPH",Unknown,"$119,605"
Audemars Piguet,"Audemars Piguet Royal Oak Chronograph
SELFWINDING CHRONOGRAPH",Unknown,"$53,143"
Audemars Piguet,"Audemars Piguet Royal Oak Chronograph
SELFWINDING CHRONOGRAPH",Unknown,"$65,609"
Audemars Piguet,"Audemars Piguet Royal Oak Jumbo
""JUMBO"" EXTRA-THIN",Unknown,"$89,228"
Audemars Piguet,"Audemars Piguet Royal Oak Selfwinding
15510OR.OO.1320OR.04",Unknown,"$107,861"
Audemars Piguet,"Audemars Piguet Royal Oak Chronograph
SELFWINDING CHRONOGRAPH",Unknown,"$82,601"
Audemars Piguet,"Audemars Piguet Royal Oak Chronograph
SELFWINDING CHRONOGRAPH",Unknown,"$101,956"
Audemars Piguet,"Audemars Piguet Royal Oak Chronograph
SELFWINDING CHRONOGRAPH",Unknown,"$95,395"
Audemars Piguet,"Audemars Piguet Royal Oak Selfwinding
15510OR.OO.1320OR.03",Unknown,"$114,159"
Audemars Piguet,"Audemars Piguet Royal Oak Jumbo
“JUMBO” EXTRA-THIN",Unknown,"$83,979"
Audemars Piguet,"Audemars Piguet Royal Oak Selfwinding
""50TH ANNIVERSARY""",Unknown,"$68,495"
Audemars Piguet,"Audemars Piguet Royal Oak Selfwinding
15450ST.OO.1256ST.03",Unknown,"$51,240"
Audemars Piguet,"Audemars Piguet Royal Oak Double Balance Wheel Openworked
Frosted Gold Double Balance Wheel Openworked",Unknown,"$320,302"
Audemars Piguet,"Audemars Piguet Royal Oak Offshore Chronograph
SELFWINDING CHRONOGRAPH",Unknown,"$47,238"
Audemars Piguet,"Audemars Piguet Royal Oak
15413BC.YY.1220BC.01",Unknown,"$304,687"
Audemars Piguet,"Audemars Piguet Royal Oak Chronograph
FROSTED GOLD SELFWINDING CHRONOGRAPH",Unknown,"$150,900"
Audemars Piguet,"Audemars Piguet Royal Oak Chronograph
SELFWINDING CHRONOGRAPH",Unknown,"$116,783"
Audemars Piguet,"Audemars Piguet Royal Oak Lady
Selfwinding",Unknown,"$91,130"
Audemars Piguet,"Audemars Piguet Royal Oak Selfwinding
""50TH ANNIVERSARY""",Unknown,"$92,508"
Audemars Piguet,"Audemars Piguet Royal Oak Selfwinding
""50TH ANNIVERSARY""",Unknown,"$41,465"
Audemars Piguet,"Audemars Piguet Royal Oak Selfwinding
""50TH ANNIVERSARY""",Unknown,"$47,501"
Audemars Piguet,"Audemars Piguet Royal Oak Selfwinding
""50TH ANNIVERSARY""",Unknown,"$102,481"
Audemars Piguet,"Audemars Piguet Royal Oak Selfwinding
""50TH ANNIVERSARY""",Unknown,"$54,062"
Audemars Piguet,"Audemars Piguet Royal Oak Selfwinding
""50TH ANNIVERSARY""",Unknown,"$68,364"
Audemars Piguet,"Audemars Piguet Royal Oak Selfwinding
""50TH ANNIVERSARY""",Unknown,"$40,677"
Audemars Piguet,"Audemars Piguet Royal Oak Selfwinding
""50TH ANNIVERSARY""",Unknown,"$59,507"
Audemars Piguet,"Audemars Piguet Royal Oak Offshore
26476OR.ZZ.1273OR.01",Unknown,"$204,699"
Audemars Piguet,"Audemars Piguet Royal Oak Chronograph
SELFWINDING CHRONOGRAPH",Unknown,"$93,952"
Audemars Piguet,"Audemars Piguet Royal Oak Perpetual Calendar
26574ST.OO.1220ST.03",Unknown,"$166,580"
Audemars Piguet,"Audemars Piguet Royal Oak Perpetual Calendar
26579CE.OO.1225CE.01",Unknown,"$357,436"
Audemars Piguet,"Audemars Piguet Royal Oak Selfwinding
15500OR.OO.1220OR.01",Unknown,"$96,707"
Audemars Piguet,"Audemars Piguet Royal Oak Chronograph
SELFWINDING CHRONOGRAPH",Unknown,"$145,258"
Audemars Piguet,"Audemars Piguet Royal Oak Double Balance Wheel Openworked
15467OR.OO.1256OR.01",Unknown,"$145,192"
Audemars Piguet,"Audemars Piguet Royal Oak Selfwinding
""50TH ANNIVERSARY""",Unknown,"$66,921"
Audemars Piguet,"Audemars Piguet Royal Oak Selfwinding
15500ST.OO.1220ST.04",Unknown,"$45,008"
Audemars Piguet,"Audemars Piguet Royal Oak Chronograph
SELFWINDING CHRONOGRAPH “50TH ANNIVERSARY”",Unknown,"$108,189"
Audemars Piguet,"Audemars Piguet Royal Oak Selfwinding
""50TH ANNIVERSARY""",Unknown,"$113,109"
Audemars Piguet,"Audemars Piguet Royal Oak Selfwinding
""50TH ANNIVERSARY""",Unknown,"$67,774"
Audemars Piguet,"Audemars Piguet Royal Oak Selfwinding
""50TH ANNIVERSARY""",Unknown,"$107,861"
Audemars Piguet,"Audemars Piguet Royal Oak Selfwinding
""50TH ANNIVERSARY""",Unknown,"$51,306"
Audemars Piguet,"Audemars Piguet Royal Oak Selfwinding
""50TH ANNIVERSARY""",Unknown,"$78,337"
Audemars Piguet,"Audemars Piguet Royal Oak Lady
67651ST.ZZ.1261ST.01",Unknown,"$31,886"
Audemars Piguet,"Audemars Piguet Royal Oak
15510OR.OO.D315CR.01",Unknown,"$64,034"
Audemars Piguet,"Audemars Piguet Royal Oak Double Balance Wheel Openworked
15407OR.OO.1220OR.01",Unknown,"$203,518"
Audemars Piguet,"Audemars Piguet Royal Oak Double Balance Wheel Openworked
15466BC.GG.1259BC.01",Unknown,"$281,199"
Audemars Piguet,"Audemars Piguet Royal Oak Jumbo
“JUMBO” EXTRA-THIN",Unknown,"$142,371"
Audemars Piguet,"Audemars Piguet Royal Oak Chronograph
SELFWINDING CHRONOGRAPH “50TH ANNIVERSARY”",Unknown,"$58,392"
Audemars Piguet,"Audemars Piguet Royal Oak Concept
SPLIT SECOND CHRONOGRAPH GMT LARGE DATE",Unknown,"$250,625"
Audemars Piguet,"Audemars Piguet Royal Oak Offshore
SELFWINDING - MUSIC EDITION",Unknown,"$275,556"
Audemars Piguet,"Audemars Piguet Royal Oak Lady
QUARTZ",Unknown,"$59,704"
Audemars Piguet,"Audemars Piguet Royal Oak Perpetual Calendar
Openworked",Unknown,"$421,864"
Audemars Piguet,"Audemars Piguet Royal Oak Offshore Chronograph
SELFWINDING CHRONOGRAPH",Unknown,"$54,127"
Audemars Piguet,"Audemars Piguet Code 11.59
BY AUDEMARS PIGUET SELFWINDING",2023,"$31,230"
Audemars Piguet,"Audemars Piguet Royal Oak Chronograph
SELFWINDING CHRONOGRAPH",Unknown,"$300,356"
Audemars Piguet,"Audemars Piguet Royal Oak Selfwinding
77350ST.OO.1261ST.01",Unknown,"$32,279"
Audemars Piguet,"Audemars Piguet Royal Oak Selfwinding
""50TH ANNIVERSARY""",Unknown,"$40,153"
Audemars Piguet,"Audemars Piguet Royal Oak Double Balance Wheel Openworked
FROSTED GOLD DOUBLE BALANCE WHEEL OPENWORKED",Unknown,"$557,542"
Audemars Piguet,"Audemars Piguet Royal Oak Chronograph
SELFWINDING CHRONOGRAPH",Unknown,"$154,180"
Audemars Piguet,"Audemars Piguet Royal Oak Double Balance Wheel Openworked
FROSTED GOLD DOUBLE BALANCE WHEEL OPENWORKED",Unknown,"$538,122"
Audemars Piguet,"Audemars Piguet Royal Oak Jumbo
""JUMBO"" EXTRA-THIN ""50TH ANNIVERSARY""",Unknown,"$91,852"
Audemars Piguet,"Audemars Piguet Code 11.59
BY AUDEMARS PIGUET SELFWINDING",2023,"$29,261"
Audemars Piguet,"Audemars Piguet Royal Oak Selfwinding
""50TH ANNIVERSARY""",Unknown,"$49,863"
Audemars Piguet,"Audemars Piguet Royal Oak Lady
67650SR.OO.1261SR.01",Unknown,"$34,117"
Audemars Piguet,"Audemars Piguet Royal Oak Lady
15451ST.ZZ.1256ST.02",Unknown,"$53,143"
Audemars Piguet,"Audemars Piguet Royal Oak Chronograph
SELFWINDING CHRONOGRAPH",Unknown,"$81,092"
Audemars Piguet,"Audemars Piguet Millenary
Frosted Gold Philosophique",Unknown,"$25,194"
Audemars Piguet,"Audemars Piguet Royal Oak Lady
Quartz",Unknown,Price on request
Audemars Piguet,"Audemars Piguet Royal Oak Selfwinding
77351ST.ZZ.1261ST.01",Unknown,"$52,356"
Audemars Piguet,"Audemars Piguet Royal Oak Offshore Chronograph
Selfwinding Chronograph",Unknown,"$56,948"
Audemars Piguet,"Audemars Piguet Royal Oak Offshore Chronograph
SELFWINDING CHRONOGRAPH",Unknown,"$86,866"
Audemars Piguet,"Audemars Piguet Royal Oak
SPECIAL EDITION QATAR ARABIC NUMBERS",2023,Price on request
Audemars Piguet,"Audemars Piguet Royal Oak Selfwinding
""50TH ANNIVERSARY""",Unknown,"$61,147"
Audemars Piguet,"Audemars Piguet Millenary
FROSTED GOLD OPAL DIAL",Unknown,"$35,888"
Audemars Piguet,"Audemars Piguet Royal Oak Offshore Chronograph
Selfwinding Chronograph",Unknown,"$47,501"
Audemars Piguet,"Audemars Piguet Royal Oak Chronograph
SELFWINDING CHRONOGRAPH",Unknown,"$56,948"
Audemars Piguet,"Audemars Piguet Royal Oak Selfwinding
77451ST.ZZ.1361ST.04",Unknown,"$52,684"
Audemars Piguet,"Audemars Piguet Code 11.59
26393OR.OO.A002CR.01",Unknown,"$46,845"
Audemars Piguet,"Audemars Piguet Royal Oak Selfwinding
77450SR.OO.1361SR.02",Unknown,"$39,562"
Audemars Piguet,"Audemars Piguet Royal Oak Chronograph
SELFWINDING CHRONOGRAPH",Unknown,"$108,189"
Audemars Piguet,"Audemars Piguet Millenary
FROSTED GOLD AVENTURINE DIAL",Unknown,"$36,872"
Audemars Piguet,"Audemars Piguet Millenary Ladies
HAND-WOUND",Unknown,"$38,053"
Audemars Piguet,"Audemars Piguet Millenary Ladies
HAND-WOUND",Unknown,"$45,008"
Audemars Piguet,"Audemars Piguet Millenary Ladies
HAND-WOUND",Unknown,"$37,594"
Audemars Piguet,"Audemars Piguet Royal Oak Chronograph
SELFWINDING CHRONOGRAPH",Unknown,"$66,921"
Audemars Piguet,"Audemars Piguet Royal Oak
Selfinding Blue Edition - 2022 Unworn",2022,"$58,500"
Audemars Piguet,"Audemars Piguet Royal Oak Perpetual Calendar
26574OR.OO.1220OR.02",2017,Price on request
Audemars Piguet,"Audemars Piguet Royal Oak Double Balance Wheel Openworked
15412BC.YG.1224BC.03",Unknown,Price on request
Audemars Piguet,"Audemars Piguet Royal Oak Perpetual Calendar
26574OR.OO.1220OR.02",2017,Price on request
Audemars Piguet,"Audemars Piguet Royal Oak Offshore Chronograph
Rubens Barrichello II - Box & One Year Warranty",Unknown,"$39,605"
Audemars Piguet,"Audemars Piguet [Re]master01
26595SR.OO.A032VE.01",Unknown,"$50,978"
Audemars Piguet,"Audemars Piguet
For Women",Unknown,"$6,007"
Audemars Piguet,"Audemars Piguet Royal Oak Offshore Lady
26231ST.ZZ.D010CA.01",2019,Price on request
Audemars Piguet,"Audemars Piguet Royal Oak
Ref. ST14790.00.0789.10 Edelstahl Automatik 36 mm",2007,"$36,611"
Audemars Piguet,"Audemars Piguet Royal Oak
56175ST",2007,"$25,244"
